id,user_id,type,name
1,102,income,Maaş
2,102,expense,Market
3,104,expense,Ulaşım
4,105,income,Maaş ödemesi
5,105,expense,Market alışverişi
6,105,expense,Otobüs bileti
8,105,income,Bireysel Ödeme
9,105,expense,Maaş Ödemesi
1750510006371,5,income,test cat
1750511164850,5,income,test
1750511267865,5,income,test category
1750511433130,5,income,test mat
1750513537811,5,income,denge
1750513638901,5,income,denedik
1750513695903,5,expense,giderim giderim
1750513788813,5,expense,giderim giderim nerelere
2f7d03b6-daf9-4276-bbad-b00221c011a9,1,income,income kategori 1 - user1
c6340cc1-ca4e-4d2a-b6fd-2ee134916881,1,income,income kategori 2 - user1
0b02f824-05e7-49e0-a1cb-e2c960d6885f,1,income,income kategori 3 - user1
0f09f55b-69b1-40ae-99ad-d6a11c1fde6e,1,expense,expense kategori 1 - user1
cf0778c4-15aa-4fef-9ec3-68a0f6293d25,1,expense,expense kategori 2 - user1
4f2b63c5-8110-4887-9e75-683ca6c75e92,1,expense,expense kategori 3 - user1
5ce25288-8edd-47d8-af55-cb0fea2522b9,2,income,income kategori 1 - user2
d8be453a-bab2-4038-90ba-37ca18a183d3,2,income,income kategori 2 - user2
3cd525e8-3eb5-4920-857f-797e4e49a146,2,income,income kategori 3 - user2
43e9e28f-7e44-4ac8-b3bf-fe4d063d228e,2,expense,expense kategori 1 - user2
d3aea2e7-f7f2-4ad4-9ced-1f1ba07a30ad,2,expense,expense kategori 2 - user2
1f8f7b5b-83fb-4ccc-af31-16d91008eae5,2,expense,expense kategori 3 - user2
5376daa4-31bc-4c3b-92ab-b6beb9cf4833,3,income,income kategori 1 - user3
c070af62-74ae-4a87-a032-f0634dd99fb2,3,income,income kategori 2 - user3
c175567c-1b76-4ce8-9af6-de0ce64d4767,3,income,income kategori 3 - user3
87edf705-b51a-444b-bc40-9fe5a99a0d91,3,expense,expense kategori 1 - user3
b9e75497-8d3c-4fae-8f53-517ac6e6f488,3,expense,expense kategori 2 - user3
7469b21b-6495-4112-b5a2-d2ba3c2db01f,3,expense,expense kategori 3 - user3
d17ec4c9-e1fa-445e-bbd9-2f34177a63da,4,income,income kategori 1 - user4
63ad5c7d-20cb-46be-9589-aab3f4287bfb,4,income,income kategori 2 - user4
959a3f3a-7500-4cbc-a28d-d734557c1fc0,4,income,income kategori 3 - user4
a18efacf-c9d3-48a8-bad5-55e371688ea1,4,expense,expense kategori 1 - user4
1a3602dd-b400-444a-acc8-5b74053468b5,4,expense,expense kategori 2 - user4
40772119-1389-4622-a38e-39572d32883f,4,expense,expense kategori 3 - user4
44cc9d70-a948-400a-90e3-f698b1543cc2,5,income,income kategori 1 - user5
b7772d8e-ad77-4263-8695-0eba60deef4f,5,income,income kategori 2 - user5
031ad386-ed16-43fa-832b-77dd182c2ae4,5,income,income kategori 3 - user5
7782818e-6d71-4dfb-b050-fdcedc1f7670,5,expense,expense kategori 1 - user5
46b82aac-b34f-461a-b228-ebc900316b9e,5,expense,expense kategori 2 - user5
b582a5bc-9cff-4c1c-8df4-328c6dcb73c0,5,expense,expense kategori 3 - user5
2ee2fede-fc8e-4b53-a512-43a44fff38d8,6,income,income kategori 1 - user6
809cb338-a7d9-40c5-a37f-7e9349316904,6,income,income kategori 2 - user6
5be30748-c7b9-48be-a039-982bd9bc1a73,6,income,income kategori 3 - user6
057f182b-30f7-411e-be87-d60a9b7d9b9b,6,expense,expense kategori 1 - user6
a8086e36-67ff-49ed-9390-963457c5e48a,6,expense,expense kategori 2 - user6
7adb4405-c1c9-4818-8fbc-49bc854675ed,6,expense,expense kategori 3 - user6
ae8ae3ca-5f01-442e-a2e0-889646b24c26,7,income,income kategori 1 - user7
c0e27cf0-6ea6-4216-b7b0-3750893f5166,7,income,income kategori 2 - user7
dc3bcae3-ae39-4e97-97e4-69c0324221b0,7,income,income kategori 3 - user7
0484486f-1592-488b-91a3-d48892d1919d,7,expense,expense kategori 1 - user7
6fd0a3e3-d2f2-4ba8-83c6-9095264e709e,7,expense,expense kategori 2 - user7
0cfa959a-fd7c-411e-8cf4-811e906f6a84,7,expense,expense kategori 3 - user7
66915c10-e291-43b4-a9f6-9347f37db146,8,income,income kategori 1 - user8
bee7373d-c97b-437a-b0a5-68d12151649a,8,income,income kategori 2 - user8
aee891e6-9f5e-489f-880d-20bd533d6780,8,income,income kategori 3 - user8
6f057b65-8eab-406e-897c-b27c66fa450f,8,expense,expense kategori 1 - user8
81a4cb69-4bc7-465f-b5b4-50d5828d4d06,8,expense,expense kategori 2 - user8
aeaa82b2-2877-4bf9-8389-68f5b9c05d11,8,expense,expense kategori 3 - user8
bb027279-7a91-4cc1-9d67-1332a0385149,9,income,income kategori 1 - user9
b218aaf8-4c46-41e7-8a8e-706cd395df78,9,income,income kategori 2 - user9
8ddb327f-99ad-443c-b387-36c64f7e432d,9,income,income kategori 3 - user9
f5656754-60c0-4acd-9a13-fce342d5554b,9,expense,expense kategori 1 - user9
e1ad5f60-d288-4edd-a5a3-0e9f8da2b236,9,expense,expense kategori 2 - user9
7922d3b4-b490-41bf-a136-c7f8fa306955,9,expense,expense kategori 3 - user9
9c6c2eca-2de0-412a-9613-2aa231686962,10,income,income kategori 1 - user10
d8239aa4-4a10-487a-959f-da47fe153cb8,10,income,income kategori 2 - user10
7bfd4174-47f8-4862-a8fc-70e82110fa4d,10,income,income kategori 3 - user10
28594455-c411-41a6-9528-cdf2e645d3d9,10,expense,expense kategori 1 - user10
18f0f03c-145a-4296-8e53-a543f26e5d72,10,expense,expense kategori 2 - user10
75c226f6-341a-4f47-8e4f-3a05bb2bd553,10,expense,expense kategori 3 - user10
4b60bab4-03f7-4f83-bc6d-13b8e1880ff9,11,income,income kategori 1 - user11
16d5070a-b061-4545-b061-acae7146626c,11,income,income kategori 2 - user11
5a6e5a16-26d5-454c-84f8-99fe70ea6306,11,income,income kategori 3 - user11
e6bc3546-ae92-439f-abc1-b9ed677b7911,11,expense,expense kategori 1 - user11
a1fbc752-7ae3-4b21-9096-9e5fa7ad18f7,11,expense,expense kategori 2 - user11
ec459c57-218c-4143-b2d4-0bdc8a89948c,11,expense,expense kategori 3 - user11
81e6bfcc-bf4c-443e-8dcd-31741ca7c1e3,12,income,income kategori 1 - user12
584eaa55-c810-4c60-800d-648f61d25473,12,income,income kategori 2 - user12
e2815e82-86b0-4daa-b56c-d33aa8e3892b,12,income,income kategori 3 - user12
b40d9ec2-f3f5-4491-b868-65c5ac623ef4,12,expense,expense kategori 1 - user12
83a86341-9ac6-4f09-acd2-877c1e7b0d7e,12,expense,expense kategori 2 - user12
3283ce1d-f971-4bd3-9b27-ab419937ad91,12,expense,expense kategori 3 - user12
9fe83c7b-de6a-46db-a71a-b2530f95b135,13,income,income kategori 1 - user13
fe86e4a9-ee15-432c-8441-f9cc54921b09,13,income,income kategori 2 - user13
4367d623-6f96-4d36-8eba-63a24614c876,13,income,income kategori 3 - user13
c0882174-b7c1-4494-881c-627881cdbd10,13,expense,expense kategori 1 - user13
93216ca5-aeed-4141-87d5-7ea35e38461d,13,expense,expense kategori 2 - user13
2a3905e3-0317-4160-ae19-27633e09a2dc,13,expense,expense kategori 3 - user13
5fbcaa7b-fdf4-46f3-9d74-20b6a0108894,14,income,income kategori 1 - user14
37d0da61-af23-4c48-be59-6b1d4026a13f,14,income,income kategori 2 - user14
0d4951b0-93d7-4481-b21d-3cc7d5cc9729,14,income,income kategori 3 - user14
16e72a13-ec13-4e3d-a995-8c89088165ff,14,expense,expense kategori 1 - user14
0fec3632-889c-404b-8bc8-cc6cdc010cac,14,expense,expense kategori 2 - user14
1a88ce52-32c3-49f8-9882-e73928b56c97,14,expense,expense kategori 3 - user14
46251d07-7e72-4b74-a83e-128215eb158f,15,income,income kategori 1 - user15
732ada2f-5a73-42cf-9b9c-2500a3332136,15,income,income kategori 2 - user15
cc09a1d5-4013-440a-8665-bd5c7003ecb9,15,income,income kategori 3 - user15
aaa0a511-30b1-411d-9d4a-c5089d5b29a7,15,expense,expense kategori 1 - user15
1c5e760d-0d7e-40e3-a87b-937053a7ac08,15,expense,expense kategori 2 - user15
7f40aca0-5db5-4a8d-a1ce-c2ce7ec1b7a1,15,expense,expense kategori 3 - user15
f3e67301-e2e9-4399-88b1-45b18c983855,16,income,income kategori 1 - user16
33946022-619c-4a47-b295-7686ac0c6501,16,income,income kategori 2 - user16
49e14ee8-01cc-42b6-9ca1-b596c92b9a47,16,income,income kategori 3 - user16
7d690f84-7141-477e-9e5f-a18d57b4c718,16,expense,expense kategori 1 - user16
8caf54d6-2f92-4508-96d4-f702b2f8f2fa,16,expense,expense kategori 2 - user16
68e70eba-3cc4-4cfe-a643-ad2257fef550,16,expense,expense kategori 3 - user16
924c48d5-dc87-4496-b406-b781fb65b794,17,income,income kategori 1 - user17
9e6f6787-2e1c-4951-bdfb-985893733f7a,17,income,income kategori 2 - user17
8400ec22-12b6-4fc3-9a3e-b48be08a47e7,17,income,income kategori 3 - user17
c5e781a8-2a4a-4bb7-bc19-ca81eeb0bdb8,17,expense,expense kategori 1 - user17
a3c838dc-3c7f-468d-8285-5e7f7a270815,17,expense,expense kategori 2 - user17
2ba80d37-6363-429f-9384-65eb22b51c3e,17,expense,expense kategori 3 - user17
fe31cddd-7d01-45f7-af5b-9b854a565906,18,income,income kategori 1 - user18
cfba59b2-9a91-4315-b5c6-da3d974686dc,18,income,income kategori 2 - user18
88b72321-5666-4b74-943e-3d02ea3f1277,18,income,income kategori 3 - user18
b1c55527-16db-49b0-be26-1b6ead3b9462,18,expense,expense kategori 1 - user18
ed9ab975-d69b-4709-919e-4b5229fbe9ff,18,expense,expense kategori 2 - user18
f93c4289-9af3-4933-af89-9b83998ccfde,18,expense,expense kategori 3 - user18
87383f97-e761-4807-bc3c-dbc7aa54d12f,19,income,income kategori 1 - user19
3201d805-27be-4a84-a334-30a9caca6956,19,income,income kategori 2 - user19
172447bc-bd90-49f9-8597-154a5c67e3fb,19,income,income kategori 3 - user19
e9f6f298-aad8-42c5-8ede-380dba71b61b,19,expense,expense kategori 1 - user19
958d2ed1-53cc-454a-8467-bc17d9cbc960,19,expense,expense kategori 2 - user19
7e462afd-4e31-4b10-bf31-84bf2d6046d8,19,expense,expense kategori 3 - user19
f9598563-73d2-4d47-b0ff-c51c9ed44095,20,income,income kategori 1 - user20
bb6e9e72-be19-4e6b-864f-39b61864dcd1,20,income,income kategori 2 - user20
bf5ee40e-9265-4c5b-a1ec-f1f4b4b44c3e,20,income,income kategori 3 - user20
ef7714a2-6f27-4305-91de-537b93f98aff,20,expense,expense kategori 1 - user20
c4023a2c-28ec-4636-b881-30aa82b618b0,20,expense,expense kategori 2 - user20
8111a26e-b750-42a0-bad7-5235a4c2118b,20,expense,expense kategori 3 - user20
45b74cfe-2db4-4c1b-9dba-b4b3e1c6241e,21,income,income kategori 1 - user21
8e8bcfa6-9282-4317-9483-c833f3aaf9de,21,income,income kategori 2 - user21
8b1ecf6c-7b80-4075-82b0-e54f7764b144,21,income,income kategori 3 - user21
75995bef-2461-4412-bd41-a179bdb13fd2,21,expense,expense kategori 1 - user21
b29a919f-c7ed-441d-9425-08196dd2b9b5,21,expense,expense kategori 2 - user21
1d21c49c-b083-4fe9-97e2-ed40c7f98864,21,expense,expense kategori 3 - user21
12669b76-411b-4030-8d30-33feceef9225,22,income,income kategori 1 - user22
4f0b37d8-a738-4872-bc87-43cf356115fb,22,income,income kategori 2 - user22
87ff55b5-dcb0-4f39-b797-daaedd5be719,22,income,income kategori 3 - user22
69c2f047-4928-4f26-9463-e4e4fbb1c059,22,expense,expense kategori 1 - user22
521c0787-eca5-4835-9138-238dae9a7691,22,expense,expense kategori 2 - user22
0f5b51eb-83e8-463f-bb2d-0730449922a6,22,expense,expense kategori 3 - user22
e347d718-d3b3-4fe9-8ca3-8852d641e774,23,income,income kategori 1 - user23
3afaaf21-4f7a-4a7a-961e-362dc26d4d3d,23,income,income kategori 2 - user23
cd1734ad-3fb7-4d1d-ab01-eb529af08684,23,income,income kategori 3 - user23
000fd3de-415e-4992-b0cd-42b9b8fcc431,23,expense,expense kategori 1 - user23
6445874f-041b-4135-af37-ea75a3c3256c,23,expense,expense kategori 2 - user23
f6b279de-f618-47d8-893a-c10d62cb17be,23,expense,expense kategori 3 - user23
1a324a9f-0231-4fd9-945d-7f5a6652859a,24,income,income kategori 1 - user24
edaf3203-c8db-4b79-a6da-6dd880fc3d7a,24,income,income kategori 2 - user24
3ab6cd6f-3b83-43df-b13a-a348684c5d41,24,income,income kategori 3 - user24
c5953b3b-8e4f-48ae-a215-aee166cc8d43,24,expense,expense kategori 1 - user24
9511c6b6-93aa-4027-8d02-1acb2cb53a6d,24,expense,expense kategori 2 - user24
a4ba4ada-682c-4877-8269-d3ba57ce3a33,24,expense,expense kategori 3 - user24
754fe867-5b55-429d-a6cd-c3c9d424409f,25,income,income kategori 1 - user25
6d6b4a5c-52bc-43d4-b240-85c07cf4f3c5,25,income,income kategori 2 - user25
e9531e33-5606-4c99-b5bd-ea8941507101,25,income,income kategori 3 - user25
e4845bcf-11a5-41b1-af88-86dc098a6e62,25,expense,expense kategori 1 - user25
ead5b111-a1f7-4abe-bbd8-2d7606bc3638,25,expense,expense kategori 2 - user25
ec9810d0-224b-43dc-891b-ef18f4e20dc1,25,expense,expense kategori 3 - user25
d5becdf9-6955-435d-88b3-f99774f314ba,26,income,income kategori 1 - user26
79d01056-cc69-4744-8ab9-0662341acc94,26,income,income kategori 2 - user26
280d1214-d865-4a88-a20a-e1e7c13cac75,26,income,income kategori 3 - user26
7ec34b71-531a-482e-87fe-6e3d0415b40b,26,expense,expense kategori 1 - user26
7a5e5839-c73c-4f1e-86de-08ecd7aaf0c9,26,expense,expense kategori 2 - user26
21703ed2-1415-43ab-9c7d-46432ee5b568,26,expense,expense kategori 3 - user26
3f283721-090f-4630-b007-f61699366741,27,income,income kategori 1 - user27
a41bdf55-77ae-431a-87fe-f462e19673e2,27,income,income kategori 2 - user27
6d04bf75-1ca4-4b9f-bfcb-1f954e230880,27,income,income kategori 3 - user27
d4bdfec4-9402-40c0-a609-e4a00095f15b,27,expense,expense kategori 1 - user27
3e71a0bc-1d39-4c80-b019-8c6b43df171a,27,expense,expense kategori 2 - user27
3ef6be79-3950-4609-b049-049c409f60f9,27,expense,expense kategori 3 - user27
405128c5-9564-498d-b78f-6d1178af4913,28,income,income kategori 1 - user28
9c2fe29a-5982-4ccf-936c-3f6e08530652,28,income,income kategori 2 - user28
ac5daced-2616-481b-9136-25e775d6549e,28,income,income kategori 3 - user28
f5ebde8c-8cfe-430d-95ec-7c28020956d2,28,expense,expense kategori 1 - user28
b1913493-e5d9-456f-bbe6-a207539e05b1,28,expense,expense kategori 2 - user28
73fa51b1-7347-4b61-a677-24f342d03e3f,28,expense,expense kategori 3 - user28
5f3397e0-5368-4497-99fb-8467e910c308,29,income,income kategori 1 - user29
141cb335-084b-4671-9364-3e6b09a6366e,29,income,income kategori 2 - user29
d87cff6d-aaad-4612-9e64-06069a8f8f42,29,income,income kategori 3 - user29
482ca87f-6306-4e44-854d-b90de0645f91,29,expense,expense kategori 1 - user29
414454e0-e72e-4a52-870c-ebb36953f2cc,29,expense,expense kategori 2 - user29
4cabc566-7056-445c-bd55-8114e12139e9,29,expense,expense kategori 3 - user29
8464745e-3344-4a63-bf85-214e4c6bb4de,30,income,income kategori 1 - user30
c85f10d3-50fb-4725-a21b-6b82e44fe7e5,30,income,income kategori 2 - user30
36604a06-f38f-41e8-8791-60178a759d2c,30,income,income kategori 3 - user30
cf69f7ff-80ee-4e16-b60d-8cbd3826b0aa,30,expense,expense kategori 1 - user30
31beb418-223c-4f32-b784-fb67a0429edb,30,expense,expense kategori 2 - user30
45eab8aa-16a6-49c3-9125-1bc0325d280d,30,expense,expense kategori 3 - user30
83c8988c-b7bc-40ae-b761-6d0a061c97bd,31,income,income kategori 1 - user31
a66154c6-24e0-4bad-8606-f3a8ea8b8e09,31,income,income kategori 2 - user31
699e0c2d-19b8-43f6-94e9-007bf80def71,31,income,income kategori 3 - user31
98d62285-f042-42d6-a536-e5565ab56d07,31,expense,expense kategori 1 - user31
17eab4ad-aaad-4c9a-a23a-cc9982fc27ac,31,expense,expense kategori 2 - user31
a0a1362a-4bce-432f-ba8f-ba6a37f0341c,31,expense,expense kategori 3 - user31
2b767265-1bbd-49e5-9b77-c35867f8bc01,32,income,income kategori 1 - user32
6a5b3c99-455f-4255-ac99-bcc9968e0e7a,32,income,income kategori 2 - user32
89adcfb6-fbc8-4140-8566-b1a39f974fa9,32,income,income kategori 3 - user32
4ab9e221-c72d-4677-96c7-3666c86f6a52,32,expense,expense kategori 1 - user32
f93ab849-c8a0-443c-a141-7ac84d007176,32,expense,expense kategori 2 - user32
d90313e5-926b-4dd3-bf36-c50f7f11cd22,32,expense,expense kategori 3 - user32
e612a388-fd49-4900-b985-dcd73d1b79bf,33,income,income kategori 1 - user33
d192263e-cf6e-498e-9763-321fc838dfb9,33,income,income kategori 2 - user33
79d81926-3abd-451a-b5ca-26ae9cb60513,33,income,income kategori 3 - user33
df974396-2e6b-4fb7-b9d6-ebbeeefcaaed,33,expense,expense kategori 1 - user33
d94616b8-f36f-4ca7-b494-3e7c075802b7,33,expense,expense kategori 2 - user33
dba6b17b-f2a5-425b-9371-6d1134c2b5e3,33,expense,expense kategori 3 - user33
4f39c16c-f0f5-438e-87f6-d326db87f383,34,income,income kategori 1 - user34
1dc17ec2-5c00-465a-b3f7-cdc5008fe65b,34,income,income kategori 2 - user34
353c5fc6-9e5b-4828-b0e6-1874f5066094,34,income,income kategori 3 - user34
22eb8049-f7ef-475e-94d9-d9bc87152860,34,expense,expense kategori 1 - user34
89a57914-ca80-490d-8b45-98ee0ae8d3b4,34,expense,expense kategori 2 - user34
1c8a8339-06ad-4f34-8d3c-3ff17ec461ea,34,expense,expense kategori 3 - user34
5360a3f1-8078-4dc9-a693-e7a00c95a489,35,income,income kategori 1 - user35
b936a26d-f7d6-4047-910b-96bb43784595,35,income,income kategori 2 - user35
5801632c-4dba-480f-bde3-77dd960f768a,35,income,income kategori 3 - user35
2c5ef66a-6d8f-40bd-8d3f-1889a7c163c0,35,expense,expense kategori 1 - user35
94354c30-dd99-475a-bbe6-98723b84a4f4,35,expense,expense kategori 2 - user35
2ca3b005-ff25-4adc-9733-5f446e86f068,35,expense,expense kategori 3 - user35
e46befbd-5c93-4317-a155-8cd123a577b3,36,income,income kategori 1 - user36
4e60b666-d900-49f9-84a0-b71321f9f596,36,income,income kategori 2 - user36
3ad04c1d-2d18-48eb-85a5-1267b4848c0a,36,income,income kategori 3 - user36
b2069438-d545-4371-b2fc-ed1c138cf97e,36,expense,expense kategori 1 - user36
e8f002ec-c965-4715-92f6-16a583de53b0,36,expense,expense kategori 2 - user36
3eaea587-7f40-43a1-af3b-c536c6c18266,36,expense,expense kategori 3 - user36
796397dc-5047-472f-996d-8d1c19454f1f,37,income,income kategori 1 - user37
e5212fd0-fb07-4910-baf5-e267b2c09b86,37,income,income kategori 2 - user37
a00263bb-a07b-47d3-b043-79370ab53656,37,income,income kategori 3 - user37
6db740ea-077a-40a6-966f-c5c28b1c2500,37,expense,expense kategori 1 - user37
014212b4-f5a4-4341-94a0-7cea79075bf4,37,expense,expense kategori 2 - user37
4af59507-e790-495c-bbc1-06bd43025d61,37,expense,expense kategori 3 - user37
3f55ae90-d779-43cc-a741-c4ab24e13682,38,income,income kategori 1 - user38
7755a5d2-46b6-4767-b0a3-cd09bdcbcd82,38,income,income kategori 2 - user38
5e063e6a-3a8c-43d5-9036-e5d27ad6a6a5,38,income,income kategori 3 - user38
937cee13-1a69-421a-963a-4efeb9e43de9,38,expense,expense kategori 1 - user38
701fdbc6-03d2-4a95-80c3-14bf5918a149,38,expense,expense kategori 2 - user38
a745d849-c7a9-4dfa-8381-da1280440ca1,38,expense,expense kategori 3 - user38
c7e532e8-d70e-4dc0-a7c5-cc798791bf24,39,income,income kategori 1 - user39
de2993b4-d514-4862-9315-2279d54d2b8f,39,income,income kategori 2 - user39
75b24cbf-9e91-46de-a431-1e87b06ba999,39,income,income kategori 3 - user39
0182ac13-c846-415e-a06f-1e32ece9b906,39,expense,expense kategori 1 - user39
c11d71cb-7239-4fcf-8606-d9e44469ada1,39,expense,expense kategori 2 - user39
b7fe010d-065d-4072-80bd-34db2418789b,39,expense,expense kategori 3 - user39
ab8005ab-8ec9-49c5-bc20-155619d039a9,40,income,income kategori 1 - user40
93dc2c68-de2f-41ff-80c1-2fcb5db6ebe2,40,income,income kategori 2 - user40
6041ef1a-742a-494c-986f-96f262be5e51,40,income,income kategori 3 - user40
dd0b7587-db7b-4a7d-ae9e-9dc8f590c391,40,expense,expense kategori 1 - user40
6c1ed337-b07b-4290-8440-e8c8f7c4af97,40,expense,expense kategori 2 - user40
a25d7517-38bb-4a18-a1de-18466f961b23,40,expense,expense kategori 3 - user40
10ccf625-971a-41ce-a9c8-1ecdd063f4c7,41,income,income kategori 1 - user41
faf1f192-4f3e-4333-ba67-b98a140a52b1,41,income,income kategori 2 - user41
17519dae-d422-4bb5-8f46-8b33e7ef3da6,41,income,income kategori 3 - user41
163947e9-7bc3-4dab-98e3-67509eee6036,41,expense,expense kategori 1 - user41
212456cb-3a7a-45e7-9f13-113d2627c9a4,41,expense,expense kategori 2 - user41
772bcb9f-65b5-4f69-bc69-f2dd9f0670a9,41,expense,expense kategori 3 - user41
9d79b5a4-ecb4-44ec-a66c-d57bc6495235,42,income,income kategori 1 - user42
0eac2ab6-8855-4052-8052-59900f870155,42,income,income kategori 2 - user42
ce6d59ca-5c13-413d-9004-7c5ff369f654,42,income,income kategori 3 - user42
392727e3-5b6a-4e5a-94fb-e91909853b4d,42,expense,expense kategori 1 - user42
0563d10e-c15a-49c0-bafd-2385004e5e64,42,expense,expense kategori 2 - user42
b3e5b545-309a-4f55-af00-6ab603ec3288,42,expense,expense kategori 3 - user42
7b61aa04-c371-4102-ab2a-000616a5161f,43,income,income kategori 1 - user43
cae3dd5f-4f46-427d-a0d0-51753191911a,43,income,income kategori 2 - user43
0b00bac4-bce1-4c2b-9359-b15b62ba42de,43,income,income kategori 3 - user43
b9a035a8-68fa-4736-b70c-888a2339f41f,43,expense,expense kategori 1 - user43
0d35df60-063b-4bbf-9b28-430b6c63358e,43,expense,expense kategori 2 - user43
94d6c883-a03e-4e2e-ba96-456c02c67422,43,expense,expense kategori 3 - user43
e1d89d28-a17d-48ad-b800-d53fd6914b8f,44,income,income kategori 1 - user44
6afdfac8-6411-4b95-ad69-5bc693249e5b,44,income,income kategori 2 - user44
0050d009-e404-4d89-9994-9549ff512d45,44,income,income kategori 3 - user44
8cedffc5-2aef-47a8-a696-fee8bafde6d7,44,expense,expense kategori 1 - user44
14076bbd-93bd-4fb8-acd7-8df95998dc35,44,expense,expense kategori 2 - user44
e027fad6-e3e0-469b-afd3-e1e9877a28b8,44,expense,expense kategori 3 - user44
f21f2f58-2d98-48d5-9f9a-2f0853b3689b,45,income,income kategori 1 - user45
b26a4f11-39e0-436f-b0fc-31a442990c05,45,income,income kategori 2 - user45
4b5ddce4-5fa1-43db-9559-18356d260f15,45,income,income kategori 3 - user45
769a3f0e-57ab-4b0a-b80b-6c478d1683ba,45,expense,expense kategori 1 - user45
25cc90b3-1fd1-4545-8b51-232491f45d97,45,expense,expense kategori 2 - user45
8f637fa5-1c91-425e-9dfd-fad48cd90771,45,expense,expense kategori 3 - user45
eebca751-f887-43b5-9803-8d980020fc07,46,income,income kategori 1 - user46
1b4640ac-6087-4584-ac80-def1cfbd6fea,46,income,income kategori 2 - user46
7e787eb3-4f9c-4455-8dd8-7e5673fbcd8c,46,income,income kategori 3 - user46
18b22f4b-edc8-4318-a578-1d912b65211d,46,expense,expense kategori 1 - user46
923ffd21-b3ee-4297-b7a2-655a761ad72f,46,expense,expense kategori 2 - user46
0b05c4a3-8365-40fa-83f8-3cef89b91569,46,expense,expense kategori 3 - user46
e5860a60-ea60-4a49-a7e8-367796f2a9d9,47,income,income kategori 1 - user47
1ce5c4f9-ed74-4ef6-a81c-a7730204f643,47,income,income kategori 2 - user47
409cb443-90a9-42e9-a59b-0a795f4b8b38,47,income,income kategori 3 - user47
95ba7607-0e05-4be8-8cff-b65ce78c6ab6,47,expense,expense kategori 1 - user47
97246e87-e222-4129-88e6-74c65a6540e1,47,expense,expense kategori 2 - user47
9df615bc-30f1-4a18-a98f-35e98c1bd340,47,expense,expense kategori 3 - user47
a6a355c7-9106-4d42-9edd-94ad8ccc81a7,48,income,income kategori 1 - user48
3d6c9341-f6fd-4d33-ae0d-84db1ca4aa4c,48,income,income kategori 2 - user48
abff4dee-b6c2-4d42-aec5-2f7976f773a4,48,income,income kategori 3 - user48
333d96af-d1bc-4506-8ffb-7f915330b525,48,expense,expense kategori 1 - user48
4ee03b2d-e1e7-433c-8cfc-05c2ede8eb01,48,expense,expense kategori 2 - user48
f75945e9-f33c-4741-9867-8bd36f53e40e,48,expense,expense kategori 3 - user48
9e518446-6d20-4d97-9761-375b0da4fc3e,49,income,income kategori 1 - user49
9529dc5d-6f57-49f8-bfd4-63b78c485a7b,49,income,income kategori 2 - user49
6b5b8349-08f9-4702-bc5f-831ec87e26de,49,income,income kategori 3 - user49
ee17ad0a-fbff-4dea-85eb-3e67213415bf,49,expense,expense kategori 1 - user49
5cb211af-58e4-4628-9872-f9e48f9f133f,49,expense,expense kategori 2 - user49
5c9eebfa-b8cc-4c1a-9d07-414f40b7510f,49,expense,expense kategori 3 - user49
b2c51dde-088d-4ed2-bcc9-298c1c070ad3,50,income,income kategori 1 - user50
87c8cb1a-02cb-4edc-b84d-a080bf439e1d,50,income,income kategori 2 - user50
e88474cc-3e29-48e4-9075-9f2769ca826e,50,income,income kategori 3 - user50
9aae4132-4830-4656-a8aa-004ad92fca00,50,expense,expense kategori 1 - user50
1cbaa77c-af54-4e15-9631-904678463a87,50,expense,expense kategori 2 - user50
39dca6c7-a859-4778-bafc-53a4cae3cc62,50,expense,expense kategori 3 - user50
6708864c-5b5e-4319-a82b-87e14da48d71,51,income,income kategori 1 - user51
db158b89-a0d4-4c7d-a819-ae77768e0541,51,income,income kategori 2 - user51
1cadf9ee-4e60-4985-afe2-0abefdc7a12d,51,income,income kategori 3 - user51
c3e57e33-97ca-4248-bc65-894504c4a29d,51,expense,expense kategori 1 - user51
8415a8b1-b562-412a-ac6b-8154ae52a4a1,51,expense,expense kategori 2 - user51
ea84eb96-f84b-45d1-b1ff-d30426ffb8cd,51,expense,expense kategori 3 - user51
c63693f8-fed9-4452-bc0b-8f3141df4d47,52,income,income kategori 1 - user52
7d458e07-ffb2-4d4e-9a06-928efdaddfc6,52,income,income kategori 2 - user52
17f7c805-99b5-4911-9011-2dcbbdf2f618,52,income,income kategori 3 - user52
c6cb3e5e-e864-475b-bc94-4c24d8790314,52,expense,expense kategori 1 - user52
f267e494-78ee-43d7-825f-a2c31fbde248,52,expense,expense kategori 2 - user52
725f31c6-3ec9-4639-b44d-a56a6f439236,52,expense,expense kategori 3 - user52
e3b5f2a9-2946-4c7c-a0f1-b2b783d7cb58,53,income,income kategori 1 - user53
a259c33c-ae7f-4dff-8e56-1a66efbdb36e,53,income,income kategori 2 - user53
566240f4-0ec5-43fa-8437-c03d39e28c2a,53,income,income kategori 3 - user53
cb32fdd4-3178-444c-b738-0b181407f980,53,expense,expense kategori 1 - user53
3dd71bae-7026-40ee-a8a6-9ae3099fad42,53,expense,expense kategori 2 - user53
ac900d8e-9af6-4268-827a-e26c9e02cff0,53,expense,expense kategori 3 - user53
e016425b-7097-4510-a502-6046095a8d69,54,income,income kategori 1 - user54
96d4ff20-14db-490a-90f5-56de165fd8ce,54,income,income kategori 2 - user54
ee184574-c89c-4a3d-a3e2-530c0b37dcfc,54,income,income kategori 3 - user54
fc87ef65-981f-40e4-82ac-54415da2616f,54,expense,expense kategori 1 - user54
c448ae61-43a2-4dce-a233-3d28ef122e38,54,expense,expense kategori 2 - user54
1ff8ca0f-1afe-4d9c-9a7f-8b38426553be,54,expense,expense kategori 3 - user54
68e19cef-8f19-4a9b-97b3-7f6d51ef6652,55,income,income kategori 1 - user55
6f30544f-3187-4468-8088-c58caa0f1930,55,income,income kategori 2 - user55
4f9c8f44-52b3-4054-9edd-53dfe979fedf,55,income,income kategori 3 - user55
b5afcf36-ee70-463c-9990-8499309a5177,55,expense,expense kategori 1 - user55
f48cb21d-b82d-47d1-8677-253569eff420,55,expense,expense kategori 2 - user55
509c736e-5010-4147-974c-f6346b4ea967,55,expense,expense kategori 3 - user55
4fecf512-2622-49f7-b649-2c6c9f6215f4,56,income,income kategori 1 - user56
d49b26ea-e871-4f3a-846d-684394dd7528,56,income,income kategori 2 - user56
8aeb5d76-723b-4ed7-b30a-f7c1fb0e80a7,56,income,income kategori 3 - user56
b546bb91-8113-4b7c-bb5d-dd7341e5d239,56,expense,expense kategori 1 - user56
b48a2ce8-2bb1-440c-91b5-41fa5d59f2e9,56,expense,expense kategori 2 - user56
4522e2cc-61af-4a4c-be6f-dccfa83c403a,56,expense,expense kategori 3 - user56
473bf2a8-ae61-4deb-888b-ecd23209438e,57,income,income kategori 1 - user57
8893b13a-82a0-4a12-b0b2-bde7d41b0697,57,income,income kategori 2 - user57
32b4f41a-a184-48fe-8c67-9b46bf27220b,57,income,income kategori 3 - user57
2d2657a6-d92b-4230-ae24-0400ace815cf,57,expense,expense kategori 1 - user57
9b729a66-86ac-409a-89c7-f2d7c17f8636,57,expense,expense kategori 2 - user57
1d19a2d2-bc24-4920-9e01-a72a132b45d4,57,expense,expense kategori 3 - user57
0422ad93-8737-49b8-ac3d-0c02831d0caf,58,income,income kategori 1 - user58
cc4f1591-01bf-44cd-9352-2312992ea030,58,income,income kategori 2 - user58
ddb51b10-6357-4a55-aa2d-bc30d6bf62d0,58,income,income kategori 3 - user58
0ff1b9f4-e040-4793-bacf-d7f7a1b7afaf,58,expense,expense kategori 1 - user58
2aff6302-9c8c-4101-a8ea-5e832e3051ff,58,expense,expense kategori 2 - user58
cbe2cf80-657e-4ebe-9d10-2f86824c1241,58,expense,expense kategori 3 - user58
85cf53f1-71a8-4101-9b69-c07af777072b,59,income,income kategori 1 - user59
84c8f6c0-c49d-40f4-b974-05a31b002180,59,income,income kategori 2 - user59
19d216ea-27d2-4ce8-8f91-42ec1f5d2e17,59,income,income kategori 3 - user59
32c532ab-9e84-4441-8029-398e83bb7f80,59,expense,expense kategori 1 - user59
3873cb1e-9b8b-44f2-8277-e145a7118936,59,expense,expense kategori 2 - user59
1999b964-fdc0-4b19-a8a7-668ded84b9df,59,expense,expense kategori 3 - user59
935c161b-2374-4cf1-b433-232832faf811,60,income,income kategori 1 - user60
f5704015-e50b-4fb1-bdbc-64769c1d9bda,60,income,income kategori 2 - user60
9c75de20-2186-4880-9b8b-0794799a9235,60,income,income kategori 3 - user60
edf3d94f-3b55-485b-bc94-210fa7b2d51b,60,expense,expense kategori 1 - user60
0e01c99a-781d-41f3-9853-255571a1870b,60,expense,expense kategori 2 - user60
7ed00c8d-e014-4013-86a8-39973101d8ba,60,expense,expense kategori 3 - user60
a4f87cc7-51c9-40b1-83ef-9032c64f7566,61,income,income kategori 1 - user61
07144b36-5b78-42ea-8ed1-dc9c12847f26,61,income,income kategori 2 - user61
3b7d7545-9ff3-4e06-97e3-8292cbfe99cc,61,income,income kategori 3 - user61
d31536bc-abcc-427c-98f7-97bccf4649c8,61,expense,expense kategori 1 - user61
2734ea34-8615-4fa5-8565-e230ab03e615,61,expense,expense kategori 2 - user61
9aef7467-47d7-4d61-b68e-669f7d01719c,61,expense,expense kategori 3 - user61
d90db853-b6a0-48a8-aee1-c23683c1743a,62,income,income kategori 1 - user62
533fc881-0073-4c91-95ed-5a1581386f1b,62,income,income kategori 2 - user62
784412ed-f514-4f5d-96a1-86658974ba7a,62,income,income kategori 3 - user62
34fb2a12-ccdc-4ef9-87e0-2a3463832ccc,62,expense,expense kategori 1 - user62
2bff9cfb-c1a5-4da2-98b4-580b957c13b2,62,expense,expense kategori 2 - user62
07fb5f30-62f2-4b9c-975b-8aa04b4bd812,62,expense,expense kategori 3 - user62
d0cc6aea-ae7a-425d-9a2d-d861b5994e0b,63,income,income kategori 1 - user63
172debd4-39bc-400f-a3d5-c7c4b817c61d,63,income,income kategori 2 - user63
19239b59-465b-4914-9aa4-fe48272e0af5,63,income,income kategori 3 - user63
3daafd9a-5286-4c0c-bdc7-edc19896b441,63,expense,expense kategori 1 - user63
f51e7d16-e3f8-48e2-a2d7-16cf8ec17802,63,expense,expense kategori 2 - user63
04f4e3d7-a62e-4b01-97c6-d8c17f7f06f7,63,expense,expense kategori 3 - user63
d2415a5e-f774-4574-9944-739d7b26e37f,64,income,income kategori 1 - user64
0a8dd0a1-51fc-4660-9e35-5a39cb9b559d,64,income,income kategori 2 - user64
8db9e237-2542-42fa-a019-acf43ffba719,64,income,income kategori 3 - user64
ab208ae4-06f1-41d8-8f66-0f0d1d795720,64,expense,expense kategori 1 - user64
a77f79b9-d4b3-43da-8635-be97089e075c,64,expense,expense kategori 2 - user64
4fe23fd8-12be-4af8-a119-42da462307dd,64,expense,expense kategori 3 - user64
13097561-1cb9-46d5-bd73-0a229958677c,65,income,income kategori 1 - user65
1304e41d-4afb-47c1-ace3-8d72788e1547,65,income,income kategori 2 - user65
a47329cd-6b85-4ba2-a12a-0ddc95a6711e,65,income,income kategori 3 - user65
d934d675-6008-458b-9975-153956e9f8d7,65,expense,expense kategori 1 - user65
23c9745c-d506-40af-9fb2-8e6061a26b9f,65,expense,expense kategori 2 - user65
c406a45a-da41-43b8-bb65-632e7670faeb,65,expense,expense kategori 3 - user65
57033933-ec02-4de7-bd24-b4e5a4bc3b43,66,income,income kategori 1 - user66
801ad457-42a9-4db6-9071-11c5815f61aa,66,income,income kategori 2 - user66
791d0f78-0130-4473-b756-e5941e413d02,66,income,income kategori 3 - user66
81597da6-6e18-4141-9982-e8c59f86e575,66,expense,expense kategori 1 - user66
fbfa0682-61c7-4a31-9891-ba656d26e45f,66,expense,expense kategori 2 - user66
4eff3c48-0755-4c20-abdd-76242a6272bb,66,expense,expense kategori 3 - user66
9c8c16ad-d7cc-4eac-a217-c2aa88094347,67,income,income kategori 1 - user67
c48b9a90-35f5-40b6-8ce5-80995d264f83,67,income,income kategori 2 - user67
8419c1b7-0217-4d24-b042-e9c799d1d9c2,67,income,income kategori 3 - user67
e3de8b82-fe7d-4c5d-a2c0-f2595b4500da,67,expense,expense kategori 1 - user67
437228f2-bccb-49df-bf67-133b8028e4c5,67,expense,expense kategori 2 - user67
39c453d0-3790-4cfa-addf-37be3a32e27e,67,expense,expense kategori 3 - user67
66e632c8-a870-4cd7-9b01-d54c77dba965,68,income,income kategori 1 - user68
8871e19e-63d4-40dd-abda-283c1292a80f,68,income,income kategori 2 - user68
0ca0697d-3b90-4acc-a31a-4b4d83d7d7a2,68,income,income kategori 3 - user68
38d49f0f-bef8-4b5f-b36d-ac70fe2d6555,68,expense,expense kategori 1 - user68
60b9d039-48b8-4121-9814-6c3f6cbf75de,68,expense,expense kategori 2 - user68
7224c2a4-e5f1-430e-8186-695064a117df,68,expense,expense kategori 3 - user68
056520ae-6231-4945-870e-9a3fab7509ed,69,income,income kategori 1 - user69
838669ce-acbe-410e-af9e-3e904eae594e,69,income,income kategori 2 - user69
cf06d0ad-c0fe-4d3c-813b-4b044c4b84da,69,income,income kategori 3 - user69
8bc60ce9-9483-4908-85ba-e82c0acd5df7,69,expense,expense kategori 1 - user69
427d242f-155e-462f-8ed7-b80a94271d0a,69,expense,expense kategori 2 - user69
4d430db3-c443-4f7f-9406-c9ea2549767f,69,expense,expense kategori 3 - user69
577d6eb3-4fbf-4d8e-ad04-25b328d833a7,70,income,income kategori 1 - user70
1d19127c-0095-43ee-a491-6a4d8fda559a,70,income,income kategori 2 - user70
e3c531f0-1f9e-45ed-b943-84d1af4fd00e,70,income,income kategori 3 - user70
e21736d6-6080-43e8-8eb5-c064883da379,70,expense,expense kategori 1 - user70
0d299b66-a574-4803-a492-453e091fad69,70,expense,expense kategori 2 - user70
e89441bd-a112-4d11-a6a3-896e4cc8c786,70,expense,expense kategori 3 - user70
941cc697-6a45-4465-868d-d762ac194b36,71,income,income kategori 1 - user71
238ebe38-fc0a-49c0-a0f8-1a15ef710591,71,income,income kategori 2 - user71
cf738372-f8ae-4a05-9087-5b9f11121911,71,income,income kategori 3 - user71
bb2c6871-b61d-4e66-a189-b5bdf75a1db3,71,expense,expense kategori 1 - user71
c0d2d7b8-cde1-4bed-a9e1-132db009565e,71,expense,expense kategori 2 - user71
513fcc2f-f606-4982-af02-92c090311654,71,expense,expense kategori 3 - user71
74640c06-05ad-4e0b-b64c-9703f5433ffb,72,income,income kategori 1 - user72
0b9bb07b-9d51-4bf2-9fc6-9da44b7464b1,72,income,income kategori 2 - user72
fdb3fb2c-ac38-4cd5-9923-2bedff65d7d2,72,income,income kategori 3 - user72
178a9219-60e4-4c43-a118-898f42a86c8d,72,expense,expense kategori 1 - user72
ceaebf41-9ec4-40d3-bc73-3f927ce7f707,72,expense,expense kategori 2 - user72
2f86b4ce-81ba-4f7f-b7d4-5875cadd625e,72,expense,expense kategori 3 - user72
02bb2309-7880-4eb1-961d-1c3ea018db89,73,income,income kategori 1 - user73
f68207ed-ef7a-4840-9b94-f39bf4505336,73,income,income kategori 2 - user73
ae2f78b5-5e34-4d37-8bf6-3abc58595379,73,income,income kategori 3 - user73
5ae572cc-c333-4ec4-8f01-fd1a6288964e,73,expense,expense kategori 1 - user73
b7245cc5-7fc5-4289-86c6-7c6d39dc7de8,73,expense,expense kategori 2 - user73
0f4e1c75-91b8-4eb0-8a01-8b505ba4a8f9,73,expense,expense kategori 3 - user73
faba8af8-d50c-42aa-8803-dd89f5c3d815,74,income,income kategori 1 - user74
78fe5d37-8c44-43ea-ae5f-1674598c15f7,74,income,income kategori 2 - user74
ef053cfd-6d05-4759-a2a1-72c85921af03,74,income,income kategori 3 - user74
878296fe-402f-483e-90ea-78fcde4e8c04,74,expense,expense kategori 1 - user74
ba65cb8a-72bb-430d-8b7f-3967aedb5339,74,expense,expense kategori 2 - user74
27c1488d-ff61-498b-9854-4ff51d6c41d0,74,expense,expense kategori 3 - user74
3746a116-3c72-47a7-b6ff-1bfb87cf2edf,75,income,income kategori 1 - user75
a2c37e74-394b-4fbb-9d9e-802af5115dee,75,income,income kategori 2 - user75
464e3f98-8eaa-42ff-a0dd-6d7dd26f3aee,75,income,income kategori 3 - user75
db960574-f494-4854-ab32-b881ed09ce47,75,expense,expense kategori 1 - user75
e9bdbe1b-7163-460d-80c5-b7a0768ef90d,75,expense,expense kategori 2 - user75
0fb87b7e-1310-4197-bd94-ec29934740c8,75,expense,expense kategori 3 - user75
055aeef4-aec4-49a6-854b-4c41decc89af,76,income,income kategori 1 - user76
d7efb7d7-3171-46ba-a22b-16bec2a804d2,76,income,income kategori 2 - user76
f55250a4-c81e-4f79-b9ec-e0bd638d4e9b,76,income,income kategori 3 - user76
6e820adc-1b5d-470a-a437-6b274d0c7d51,76,expense,expense kategori 1 - user76
7c1e7dd6-0d41-471b-82c9-27cd24906dbe,76,expense,expense kategori 2 - user76
0a1f922a-9623-4420-98a7-6c98c426c530,76,expense,expense kategori 3 - user76
23485fb8-ad5d-42ba-b966-a463928d259d,77,income,income kategori 1 - user77
08317717-f0c9-430b-bd67-ba461a27a585,77,income,income kategori 2 - user77
da778b89-b300-42eb-b43f-7f0de7851b20,77,income,income kategori 3 - user77
d29a9c34-8f7e-4d23-ac9d-77afab9f48d1,77,expense,expense kategori 1 - user77
8f6aec2b-7f03-4262-a788-f1f8715394f1,77,expense,expense kategori 2 - user77
729bb8f1-8eed-4401-aa58-3b7ea3482d29,77,expense,expense kategori 3 - user77
aac6e0ed-7a9c-4c62-8bcc-67b9d87299aa,78,income,income kategori 1 - user78
e23cba91-6a06-4614-bea4-2d191542eb15,78,income,income kategori 2 - user78
2d98d361-1274-4f03-8595-0c3f7f27a92e,78,income,income kategori 3 - user78
cf90f47f-d16d-4579-9124-985a1c22c6d2,78,expense,expense kategori 1 - user78
e459db1d-994e-4bdc-8780-3d84f0aceb1f,78,expense,expense kategori 2 - user78
04ddaaf6-1b53-42f5-988c-6b798166465c,78,expense,expense kategori 3 - user78
0d3fce8c-273d-41a1-863e-6c96927586f8,79,income,income kategori 1 - user79
465758ed-35d1-4e5b-88b6-97a579143f56,79,income,income kategori 2 - user79
b67a1205-bbc6-44ec-8df7-545de0e12481,79,income,income kategori 3 - user79
7e26ed56-d7e7-479a-a94e-4a971ff20ff5,79,expense,expense kategori 1 - user79
80556857-16cf-4669-b0dc-f6467ce1e213,79,expense,expense kategori 2 - user79
6c472762-ee8d-4a2d-85b8-37dc741e6ef8,79,expense,expense kategori 3 - user79
ab48a4d6-42a3-4d00-b94f-19d68d469f96,80,income,income kategori 1 - user80
290f61ae-49a9-420a-8a1f-cec97ca05795,80,income,income kategori 2 - user80
1f6f730a-66ad-44f7-9ed3-666295b62f00,80,income,income kategori 3 - user80
741fad63-8010-49d1-9ac8-30be72ec1725,80,expense,expense kategori 1 - user80
7359dfda-f887-4972-acf7-c0d79e3d9aef,80,expense,expense kategori 2 - user80
6fe66c18-9edd-4323-a6ef-d0ece81e9338,80,expense,expense kategori 3 - user80
c56d5a2e-e2f4-47e1-9db9-bbc6b5ed60d6,81,income,income kategori 1 - user81
cee6730c-8845-41a6-af55-4e4ea2e28e75,81,income,income kategori 2 - user81
3829cc68-ade8-4f52-aeb8-c83763edda4d,81,income,income kategori 3 - user81
0421ea85-b84a-4e17-baef-c37abee2f605,81,expense,expense kategori 1 - user81
32ad3986-7997-4505-987d-4fa6fbf1e963,81,expense,expense kategori 2 - user81
c4f61960-9955-4063-b13b-f6037ea7fcdf,81,expense,expense kategori 3 - user81
ffcdaddd-c2c2-4e7e-a8a0-338a95e501c8,82,income,income kategori 1 - user82
6c2d2265-ec0c-4939-99dd-ae1b4ade7753,82,income,income kategori 2 - user82
35043f4e-9b57-437e-a309-99e897ca450f,82,income,income kategori 3 - user82
d34996fb-b00b-4574-b76b-f7263d9dbfb6,82,expense,expense kategori 1 - user82
f3b838be-abf4-476a-9e5a-b3f2a67f62ca,82,expense,expense kategori 2 - user82
89288a3c-78c9-44dd-8394-43445409b63d,82,expense,expense kategori 3 - user82
ce759f0d-ee54-4b15-aa4b-3f1744920f25,83,income,income kategori 1 - user83
e2df7cf8-e20b-4a4c-9061-8a639ca7337d,83,income,income kategori 2 - user83
40fe5956-c88d-45af-a51c-36168386fb41,83,income,income kategori 3 - user83
fb4da564-c9e6-46e8-995b-4c29424cb94b,83,expense,expense kategori 1 - user83
0f36cb34-9e4a-4461-a320-c8cc23c6ea23,83,expense,expense kategori 2 - user83
97d29912-c440-45dd-9408-d5b58e3c0ef2,83,expense,expense kategori 3 - user83
50e2cd38-58a7-45dc-a20d-f0117433d284,84,income,income kategori 1 - user84
e3157e0c-5617-4fd2-a363-ea3d932074a0,84,income,income kategori 2 - user84
e980aa95-105d-4001-8091-139e9ecfb1a7,84,income,income kategori 3 - user84
2b9dcd76-367e-475f-af0e-468a4ed6119f,84,expense,expense kategori 1 - user84
8bea6dea-c7ff-4aa6-bc74-1fdcc363fd1d,84,expense,expense kategori 2 - user84
e581e8d5-8e5b-41d0-972f-c14e8a794042,84,expense,expense kategori 3 - user84
4fea68b6-a57b-4c7b-9a65-7bf8f7e893ec,85,income,income kategori 1 - user85
9ceeb712-fbf6-422b-b486-601ed645a0e3,85,income,income kategori 2 - user85
3c26d38c-a294-4443-84ff-860a791538d4,85,income,income kategori 3 - user85
32a05fc0-1c9f-49b2-9c29-38380f534bd4,85,expense,expense kategori 1 - user85
4d53cdfe-35fa-43d5-a3de-33ba43646a12,85,expense,expense kategori 2 - user85
a9536ebb-4557-4bb1-b49c-6f253740f1bd,85,expense,expense kategori 3 - user85
f446268d-8f41-4d11-ac81-428ff9f848aa,86,income,income kategori 1 - user86
79194f5f-82db-4866-8b25-0c51a24b4318,86,income,income kategori 2 - user86
f08613b0-f311-44d4-bccc-352d50da2623,86,income,income kategori 3 - user86
53e572e4-98f3-44d4-b624-59da46395836,86,expense,expense kategori 1 - user86
5b3fff86-403b-4a4f-ae46-78bfebdea2ba,86,expense,expense kategori 2 - user86
a5016281-39ca-42a8-8e31-6a4a53ea3f2b,86,expense,expense kategori 3 - user86
83ad0843-5285-4759-8d41-5cee458014cd,87,income,income kategori 1 - user87
d280238c-0cc9-4fa7-a553-1d2e1c73c760,87,income,income kategori 2 - user87
7606ad8a-1e6f-4e3a-8e6b-501267e6fc5e,87,income,income kategori 3 - user87
44144a46-23ec-4f3e-8a9e-b0f493b51946,87,expense,expense kategori 1 - user87
2f85bbee-2222-4af5-bf5f-b663a6d870fa,87,expense,expense kategori 2 - user87
95d12718-12fd-493f-812b-8bdcc465af2a,87,expense,expense kategori 3 - user87
c3e357c7-3c5f-4978-b1a3-a1b590eb3a4b,88,income,income kategori 1 - user88
b4732ddb-8ce4-40fa-8ff2-56cc7bd56368,88,income,income kategori 2 - user88
8ff04be0-92b7-4149-a924-1c59ebcf10c9,88,income,income kategori 3 - user88
c05f46fc-9a12-47f5-b917-a0565ff27d52,88,expense,expense kategori 1 - user88
29008b36-876e-43a7-9954-569f57273c0d,88,expense,expense kategori 2 - user88
145a2523-ff98-4979-9e26-c805683736c0,88,expense,expense kategori 3 - user88
c1aef6cc-f885-48e5-b566-06152862a685,89,income,income kategori 1 - user89
0c968115-55c3-4eea-8d01-16a0c1a0657b,89,income,income kategori 2 - user89
5a2e1999-7e60-4555-ab20-35b3781b51b0,89,income,income kategori 3 - user89
f67988ad-9b51-4123-97b0-fe36d4bcabc8,89,expense,expense kategori 1 - user89
b13c76b4-e8d7-4b07-b2fc-93446495656d,89,expense,expense kategori 2 - user89
90eebd34-a2ee-4a02-ac00-87b575a6e46d,89,expense,expense kategori 3 - user89
f62496a3-d58d-4747-a097-89325b70e25b,90,income,income kategori 1 - user90
84efdab8-2d52-4471-ba42-f8bdb9f74331,90,income,income kategori 2 - user90
bba815c6-4ee9-4044-97e0-dd738fe6817c,90,income,income kategori 3 - user90
6affa764-2e7a-4730-8208-872f6b4790f0,90,expense,expense kategori 1 - user90
fed9b917-f0d7-4e42-a980-4ad6bbcd333e,90,expense,expense kategori 2 - user90
a2adda2c-1f91-4e1c-93e6-ad6f4e4a936a,90,expense,expense kategori 3 - user90
06abf84d-d0a9-4e80-a7b9-59a73f597d1d,91,income,income kategori 1 - user91
26d280cf-b27f-4121-9c3c-c6ef8f831d91,91,income,income kategori 2 - user91
4c3f249a-61a6-4907-8f7b-27fdda7f9940,91,income,income kategori 3 - user91
bf87e0ea-42a2-43c7-a1a1-cdf016558fc0,91,expense,expense kategori 1 - user91
824785a5-4b3d-42dd-83a1-fb578d2c72dc,91,expense,expense kategori 2 - user91
b9af696e-9275-4a35-8c48-c3f9a7127c3f,91,expense,expense kategori 3 - user91
2b20b6c0-4f5f-4e84-bdd2-35a6e2babebc,92,income,income kategori 1 - user92
9f17a469-dd16-4746-b68f-9866ed2a0576,92,income,income kategori 2 - user92
418341d6-0795-4895-b581-897b5e52a084,92,income,income kategori 3 - user92
ca254cb1-1585-40d5-85c4-15b859436998,92,expense,expense kategori 1 - user92
2c5dffa8-f62b-46b4-abc3-af0813afbeab,92,expense,expense kategori 2 - user92
eeadd59b-311f-485c-8347-f37f4530dccb,92,expense,expense kategori 3 - user92
094bf385-c83a-4579-9d33-6c7fed511661,93,income,income kategori 1 - user93
7e5a180a-278d-4cc6-900a-54367e01d19a,93,income,income kategori 2 - user93
b5162047-f8f0-4fab-b34c-ce8841b2fc1c,93,income,income kategori 3 - user93
5728c1af-de31-43f6-bb42-48cf52837134,93,expense,expense kategori 1 - user93
fa7cffa5-b5af-4689-9492-2081d17cef51,93,expense,expense kategori 2 - user93
72b5b43b-7ffd-480b-84b3-0eb0aaf57395,93,expense,expense kategori 3 - user93
f143d755-7525-4ad4-b65a-fce7bbf8ecfb,94,income,income kategori 1 - user94
d3b62926-6d3c-4a07-84e2-bb8be040e405,94,income,income kategori 2 - user94
fc4766a1-e1f0-49c6-8b64-1f21e349472b,94,income,income kategori 3 - user94
62d95753-55ac-473c-a59f-849a38cc1259,94,expense,expense kategori 1 - user94
224f2307-159e-44ca-8d37-c5a6aea2d49c,94,expense,expense kategori 2 - user94
6472e7f8-af2f-42bd-a9e2-de802229f0e7,94,expense,expense kategori 3 - user94
35db0a94-e96f-4449-a9fc-76aed0aa3de4,95,income,income kategori 1 - user95
08724f50-f19a-40f9-9767-ef2ed134eea4,95,income,income kategori 2 - user95
05ad5c4b-b14f-463b-b809-413ddc135aa6,95,income,income kategori 3 - user95
2cc6ef20-b452-4959-966d-5273fa35da28,95,expense,expense kategori 1 - user95
fda1812e-17b8-458f-95e6-0d75400a8e17,95,expense,expense kategori 2 - user95
d12cb05c-db06-4f25-8713-d90fd97e7449,95,expense,expense kategori 3 - user95
de332171-bc28-465d-ac84-b7e231920d05,96,income,income kategori 1 - user96
28ba7027-c9d8-4577-9420-7c54358ecabb,96,income,income kategori 2 - user96
d68f1982-2506-4245-b454-533f39f25ab0,96,income,income kategori 3 - user96
b1491de5-57f7-409c-9f26-d2a2855a0ac0,96,expense,expense kategori 1 - user96
f4ec0bfd-6c64-4a99-934c-cf2d4c7bdbff,96,expense,expense kategori 2 - user96
4848c6c1-d3c5-4786-814d-dfa05024b98f,96,expense,expense kategori 3 - user96
8e59f8ad-c2c0-45c1-bf0b-0917ebc5f998,97,income,income kategori 1 - user97
d66e485d-9678-4716-9ee8-4aa09efc0273,97,income,income kategori 2 - user97
506b0e68-089f-4848-8505-3ecd59d7683c,97,income,income kategori 3 - user97
4aa38cbc-e97d-40cf-ac9e-2fbb7485211d,97,expense,expense kategori 1 - user97
8f1410da-acec-4c7a-a3c1-6c1b3bb9011e,97,expense,expense kategori 2 - user97
2a2d6321-79f0-4c42-ab06-b7af5cd242d7,97,expense,expense kategori 3 - user97
36773b2d-8c86-4132-befe-51265a99c2f2,98,income,income kategori 1 - user98
9dd3203a-2d47-41c7-896a-0a530f34d256,98,income,income kategori 2 - user98
c637da5d-86b2-4f14-9209-1f3ddaf3397c,98,income,income kategori 3 - user98
e2ce1a2c-75f9-4625-9e48-918df2490355,98,expense,expense kategori 1 - user98
fd2fc30e-aabf-4f01-809f-0e7e58eb0005,98,expense,expense kategori 2 - user98
040eb34d-4ff7-43a2-868e-6b0dac9227ea,98,expense,expense kategori 3 - user98
6adef332-2d7f-4907-8a2c-c130989a3a81,99,income,income kategori 1 - user99
850c0446-01ef-4f44-8481-a8a85dbf0e91,99,income,income kategori 2 - user99
4830aebc-e56e-47fa-8a5d-ad94a6fbcfe9,99,income,income kategori 3 - user99
3c372456-ce96-4832-bd8f-4d90eda1faa1,99,expense,expense kategori 1 - user99
ca4051b2-2658-468a-9d7c-a543ef12ac10,99,expense,expense kategori 2 - user99
66692d98-3e23-4a0a-ba22-b001cc04e280,99,expense,expense kategori 3 - user99
5ecbe111-676e-43ba-bfdb-7c1ea95a5e0f,100,income,income kategori 1 - user100
91793579-5534-4f64-bd01-404bc6e40a47,100,income,income kategori 2 - user100
6c11ee1b-c0cc-4c7a-b5bf-445d02a51f50,100,income,income kategori 3 - user100
4e8d3740-8b82-4bf6-868e-ab4e42ba7772,100,expense,expense kategori 1 - user100
ed3ff6e0-a2bc-4d39-bc44-965cac64a41e,100,expense,expense kategori 2 - user100
ce8fc7c3-4900-46a3-9b7f-4a9316c2e93d,100,expense,expense kategori 3 - user100
,,,
1750520515421,105,expense,Ekmek